2025-07-03,archive_2025-07-03.png,1ef37c50797ba679677c5a701d4d3b92b955051fb7622d4440ef9d165527f7cf
2025-07-03,archive_2025-07-03.png,7ecde4ffb6cab77e3ffd73fec085fcc3d84a40ef473ae27fd69eac3d77909d25
2025-07-03,archive_2025-07-03.png,ccae25c1e19ebfaeb4a95eb89f47273c91dea6ac8b32d10f7e1ff76a9012008d
2025-07-04,archive_2025-07-04.png,1b4b69b90647e8a3f7fd37236d64d045cfde9f65a4f69e093772edbd9bbb2208
2025-07-05,archive_2025-07-05.png,2ad2fcaa6c443d983162273644574b5f906853e3e9bcd54f0b58c26cdb8d5268
2025-07-06,archive_2025-07-06.png,58dfbae9c4b0836ccdae9027062d9547606f00a472be38845549504726e1088e
2025-07-07,archive_2025-07-07.png,7b96b214427232935533f78bd340d4a1e2bca7d6a0ea56c2fa5665c9a670228b
2025-07-08,archive_2025-07-08.png,b490c3c1d118a1993bdd45bbf6f8a3c109f56bd4a6b430d993e67cc546501a3b
2025-07-09,archive_2025-07-09.png,83c56e6cbde7cdf7b81bf0fa035bf21001c6cc2d0849a563d2844014f068d764
2025-07-10,archive_2025-07-10.png,e1c8ff7711b664df0c29adc2d1570e480aff8236e3af1ba00287e405605d30f6
2025-07-11,archive_2025-07-11.png,59f0cb6518f672fb7bfc607890e255595f7b06fa4ac66699dab88052a0470d44
2025-07-12,archive_2025-07-12.png,2324ea2e14cb279735936a5d752c523b93864b69363172983693779d60d4c47f
